F1	EM	chrf	bleu
0.4578006692327478	0.32638301975801987	51.6545367337527	41.295698762042804
